image_id,filename,split,lighting,content_type,device,resolution,blur_score,annotated,notes
9914d7a030,c:\Users\aarun\OneDrive\Documents\Zero-DCE-Notes-Enhancer\data\ZERO DCE DATASET\hey (1).jpeg,test,moderate,mixed,Unknown,899x1599,220.48,no,none
fea23ee86e,c:\Users\aarun\OneDrive\Documents\Zero-DCE-Notes-Enhancer\data\ZERO DCE DATASET\hey (1).jpg,train,moderate,mixed,samsung Galaxy A55 5G,4080x2296,31.7,no,blur
2d92dd413e,c:\Users\aarun\OneDrive\Documents\Zero-DCE-Notes-Enhancer\data\ZERO DCE DATASET\hey (10).jpeg,train,moderate,mixed,Unknown,867x1156,697.73,no,none
b14ff353a0,c:\Users\aarun\OneDrive\Documents\Zero-DCE-Notes-Enhancer\data\ZERO DCE DATASET\hey (10).jpg,train,moderate,mixed,samsung Galaxy A55 5G,4080x2296,90.57,no,blur
54d225f65c,c:\Users\aarun\OneDrive\Documents\Zero-DCE-Notes-Enhancer\data\ZERO DCE DATASET\hey (100).jpeg,train,moderate,mixed,Unknown,1280x960,867.87,no,none
c0ca594f79,c:\Users\aarun\OneDrive\Documents\Zero-DCE-Notes-Enhancer\data\ZERO DCE DATASET\hey (101).jpeg,train,moderate,mixed,Unknown,1280x960,1223.76,no,none
1aa0f49cfd,c:\Users\aarun\OneDrive\Documents\Zero-DCE-Notes-Enhancer\data\ZERO DCE DATASET\hey (102).jpeg,train,moderate,mixed,Unknown,1280x960,1293.86,no,none
b8ecc765a1,c:\Users\aarun\OneDrive\Documents\Zero-DCE-Notes-Enhancer\data\ZERO DCE DATASET\hey (103).jpeg,train,moderate,mixed,Unknown,1200x1600,237.09,no,none
884df803cd,c:\Users\aarun\OneDrive\Documents\Zero-DCE-Notes-Enhancer\data\ZERO DCE DATASET\hey (104).jpeg,train,moderate,mixed,Unknown,1280x960,1439.04,no,none
11b2294c18,c:\Users\aarun\OneDrive\Documents\Zero-DCE-Notes-Enhancer\data\ZERO DCE DATASET\hey (105).jpeg,train,moderate,mixed,Unknown,1200x1600,824.59,no,none
ed0a2bc973,c:\Users\aarun\OneDrive\Documents\Zero-DCE-Notes-Enhancer\data\ZERO DCE DATASET\hey (106).jpeg,train,moderate,mixed,Unknown,1200x1600,710.95,no,none
4a5b31d95a,c:\Users\aarun\OneDrive\Documents\Zero-DCE-Notes-Enhancer\data\ZERO DCE DATASET\hey (107).jpeg,train,dark,handwritten,Unknown,960x1280,28.82,no,blur
cf5b0d16ee,c:\Users\aarun\OneDrive\Documents\Zero-DCE-Notes-Enhancer\data\ZERO DCE DATASET\hey (108).jpeg,test,dark,handwritten,Unknown,960x1280,19.55,no,blur
1dd2db954c,c:\Users\aarun\OneDrive\Documents\Zero-DCE-Notes-Enhancer\data\ZERO DCE DATASET\hey (109).jpeg,train,moderate,mixed,Unknown,960x1280,1789.56,no,none
07101d04eb,c:\Users\aarun\OneDrive\Documents\Zero-DCE-Notes-Enhancer\data\ZERO DCE DATASET\hey (11).jpeg,val,moderate,printed,Unknown,867x1156,642.81,no,none
9c4ad1f20a,c:\Users\aarun\OneDrive\Documents\Zero-DCE-Notes-Enhancer\data\ZERO DCE DATASET\hey (11).jpg,val,moderate,mixed,samsung Galaxy A55 5G,4080x2296,31.48,no,blur
095e3f1e6b,c:\Users\aarun\OneDrive\Documents\Zero-DCE-Notes-Enhancer\data\ZERO DCE DATASET\hey (110).jpeg,train,very_dark,handwritten,Unknown,960x1280,26.92,no,blur
028c67a7d0,c:\Users\aarun\OneDrive\Documents\Zero-DCE-Notes-Enhancer\data\ZERO DCE DATASET\hey (111).jpeg,test,moderate,mixed,Unknown,960x1280,1075.36,no,none
9881b8128f,c:\Users\aarun\OneDrive\Documents\Zero-DCE-Notes-Enhancer\data\ZERO DCE DATASET\hey (112).jpeg,test,moderate,mixed,Unknown,960x1280,812.55,no,none
4a3f3e9219,c:\Users\aarun\OneDrive\Documents\Zero-DCE-Notes-Enhancer\data\ZERO DCE DATASET\hey (12).jpeg,train,moderate,whiteboard,Unknown,1165x1600,38.03,no,blur
51715dd5b6,c:\Users\aarun\OneDrive\Documents\Zero-DCE-Notes-Enhancer\data\ZERO DCE DATASET\hey (12).jpg,train,moderate,mixed,samsung Galaxy A55 5G,4080x2296,69.19,no,blur
36cd53e337,c:\Users\aarun\OneDrive\Documents\Zero-DCE-Notes-Enhancer\data\ZERO DCE DATASET\hey (13).jpeg,test,moderate,mixed,Unknown,720x1280,264.77,no,none
59cf60b539,c:\Users\aarun\OneDrive\Documents\Zero-DCE-Notes-Enhancer\data\ZERO DCE DATASET\hey (13).jpg,train,moderate,mixed,samsung Galaxy A55 5G,4080x2296,74.03,no,blur
8bc2f97f66,c:\Users\aarun\OneDrive\Documents\Zero-DCE-Notes-Enhancer\data\ZERO DCE DATASET\hey (14).jpeg,val,moderate,whiteboard,Unknown,1165x1600,38.03,no,blur
91a62922ea,c:\Users\aarun\OneDrive\Documents\Zero-DCE-Notes-Enhancer\data\ZERO DCE DATASET\hey (14).jpg,val,moderate,mixed,Unknown,899x1599,96.25,no,blur
75fd7a5289,c:\Users\aarun\OneDrive\Documents\Zero-DCE-Notes-Enhancer\data\ZERO DCE DATASET\hey (15).jpeg,test,moderate,mixed,Unknown,720x1280,264.77,no,none
8db2588e53,c:\Users\aarun\OneDrive\Documents\Zero-DCE-Notes-Enhancer\data\ZERO DCE DATASET\hey (15).jpg,test,moderate,mixed,Unknown,899x1599,344.4,no,none
7200d6a1d1,c:\Users\aarun\OneDrive\Documents\Zero-DCE-Notes-Enhancer\data\ZERO DCE DATASET\hey (16).jpeg,train,moderate,whiteboard,Unknown,1051x1600,126.96,no,none
883659b867,c:\Users\aarun\OneDrive\Documents\Zero-DCE-Notes-Enhancer\data\ZERO DCE DATASET\hey (16).jpg,val,moderate,mixed,Unknown,1200x1600,288.85,no,none
f96853c600,c:\Users\aarun\OneDrive\Documents\Zero-DCE-Notes-Enhancer\data\ZERO DCE DATASET\hey (17).jpeg,val,moderate,mixed,Unknown,720x1280,189.92,no,none
46100621ef,c:\Users\aarun\OneDrive\Documents\Zero-DCE-Notes-Enhancer\data\ZERO DCE DATASET\hey (17).jpg,train,moderate,mixed,Unknown,663x1280,1210.82,no,none
b8c671857b,c:\Users\aarun\OneDrive\Documents\Zero-DCE-Notes-Enhancer\data\ZERO DCE DATASET\hey (18).jpeg,train,moderate,mixed,Unknown,720x1280,219.21,no,none
f5b683915b,c:\Users\aarun\OneDrive\Documents\Zero-DCE-Notes-Enhancer\data\ZERO DCE DATASET\hey (18).jpg,val,moderate,mixed,Unknown,960x1280,204.53,no,none
e039d3f94f,c:\Users\aarun\OneDrive\Documents\Zero-DCE-Notes-Enhancer\data\ZERO DCE DATASET\hey (19).jpeg,train,moderate,mixed,Unknown,720x1280,284.89,no,none
1ece2687f9,c:\Users\aarun\OneDrive\Documents\Zero-DCE-Notes-Enhancer\data\ZERO DCE DATASET\hey (19).jpg,train,moderate,printed,Unknown,899x1599,429.26,no,none
dcae77a08a,c:\Users\aarun\OneDrive\Documents\Zero-DCE-Notes-Enhancer\data\ZERO DCE DATASET\hey (2).jpeg,train,moderate,mixed,Unknown,899x1599,568.04,no,none
894bba7a45,c:\Users\aarun\OneDrive\Documents\Zero-DCE-Notes-Enhancer\data\ZERO DCE DATASET\hey (2).jpg,train,moderate,mixed,samsung Galaxy A55 5G,4080x2296,54.63,no,blur
cc6968d0d9,c:\Users\aarun\OneDrive\Documents\Zero-DCE-Notes-Enhancer\data\ZERO DCE DATASET\hey (20).jpeg,train,moderate,mixed,Unknown,720x1280,244.07,no,none
26f000cb73,c:\Users\aarun\OneDrive\Documents\Zero-DCE-Notes-Enhancer\data\ZERO DCE DATASET\hey (20).jpg,test,moderate,mixed,Unknown,899x1599,235.64,no,none
e53bb608c5,c:\Users\aarun\OneDrive\Documents\Zero-DCE-Notes-Enhancer\data\ZERO DCE DATASET\hey (21).jpeg,train,moderate,mixed,Unknown,720x1280,329.16,no,none
2134779ef6,c:\Users\aarun\OneDrive\Documents\Zero-DCE-Notes-Enhancer\data\ZERO DCE DATASET\hey (21).jpg,train,moderate,mixed,Unknown,899x1599,83.68,no,blur
5777ffe94d,c:\Users\aarun\OneDrive\Documents\Zero-DCE-Notes-Enhancer\data\ZERO DCE DATASET\hey (22).jpeg,train,moderate,mixed,Unknown,720x1280,493.78,no,none
9fb4b382cf,c:\Users\aarun\OneDrive\Documents\Zero-DCE-Notes-Enhancer\data\ZERO DCE DATASET\hey (22).jpg,val,moderate,mixed,Unknown,900x1600,122.0,no,none
72e7cef17a,c:\Users\aarun\OneDrive\Documents\Zero-DCE-Notes-Enhancer\data\ZERO DCE DATASET\hey (23).jpeg,val,moderate,mixed,Unknown,720x1280,376.92,no,none
f3d2efded5,c:\Users\aarun\OneDrive\Documents\Zero-DCE-Notes-Enhancer\data\ZERO DCE DATASET\hey (23).jpg,train,moderate,mixed,Unknown,1200x1600,205.01,no,none
5578186057,c:\Users\aarun\OneDrive\Documents\Zero-DCE-Notes-Enhancer\data\ZERO DCE DATASET\hey (24).jpeg,train,moderate,mixed,Unknown,720x1280,383.85,no,none
e600077c5e,c:\Users\aarun\OneDrive\Documents\Zero-DCE-Notes-Enhancer\data\ZERO DCE DATASET\hey (24).jpg,test,moderate,mixed,Unknown,899x1599,462.98,no,glare
afc1e5cfce,c:\Users\aarun\OneDrive\Documents\Zero-DCE-Notes-Enhancer\data\ZERO DCE DATASET\hey (25).jpeg,train,moderate,mixed,Unknown,777x1280,107.83,no,none
90dc94a620,c:\Users\aarun\OneDrive\Documents\Zero-DCE-Notes-Enhancer\data\ZERO DCE DATASET\hey (25).jpg,train,moderate,mixed,Unknown,1280x960,131.64,no,none
2e05d54552,c:\Users\aarun\OneDrive\Documents\Zero-DCE-Notes-Enhancer\data\ZERO DCE DATASET\hey (26).jpeg,val,moderate,mixed,Unknown,777x1280,107.83,no,none
42f2c106d8,c:\Users\aarun\OneDrive\Documents\Zero-DCE-Notes-Enhancer\data\ZERO DCE DATASET\hey (26).jpg,train,moderate,mixed,Unknown,900x1600,207.1,no,none
13b8defb23,c:\Users\aarun\OneDrive\Documents\Zero-DCE-Notes-Enhancer\data\ZERO DCE DATASET\hey (27).jpeg,train,moderate,mixed,Unknown,720x1280,89.93,no,blur
5c6caefed7,c:\Users\aarun\OneDrive\Documents\Zero-DCE-Notes-Enhancer\data\ZERO DCE DATASET\hey (27).jpg,train,moderate,mixed,Unknown,899x1599,459.36,no,none
1836de22ca,c:\Users\aarun\OneDrive\Documents\Zero-DCE-Notes-Enhancer\data\ZERO DCE DATASET\hey (28).jpeg,train,moderate,mixed,Unknown,720x1280,113.87,no,none
d2eaedb43f,c:\Users\aarun\OneDrive\Documents\Zero-DCE-Notes-Enhancer\data\ZERO DCE DATASET\hey (28).jpg,train,moderate,mixed,Unknown,1200x1600,109.6,no,none
d5819e3c38,c:\Users\aarun\OneDrive\Documents\Zero-DCE-Notes-Enhancer\data\ZERO DCE DATASET\hey (29).jpeg,train,moderate,mixed,Unknown,720x1280,75.7,no,blur
e899cd1614,c:\Users\aarun\OneDrive\Documents\Zero-DCE-Notes-Enhancer\data\ZERO DCE DATASET\hey (29).jpg,val,moderate,mixed,Unknown,1200x1600,266.09,no,none
b44bda38a0,c:\Users\aarun\OneDrive\Documents\Zero-DCE-Notes-Enhancer\data\ZERO DCE DATASET\hey (3).jpeg,train,moderate,mixed,Unknown,899x1599,150.72,no,none
7157584bd7,c:\Users\aarun\OneDrive\Documents\Zero-DCE-Notes-Enhancer\data\ZERO DCE DATASET\hey (3).jpg,test,moderate,mixed,samsung Galaxy A55 5G,4080x2296,124.56,no,none
7e84cc9943,c:\Users\aarun\OneDrive\Documents\Zero-DCE-Notes-Enhancer\data\ZERO DCE DATASET\hey (30).jpeg,val,moderate,mixed,Unknown,720x1280,109.92,no,none
e43026ce4c,c:\Users\aarun\OneDrive\Documents\Zero-DCE-Notes-Enhancer\data\ZERO DCE DATASET\hey (30).jpg,val,moderate,mixed,Unknown,1200x1600,254.46,no,none
6ed097048d,c:\Users\aarun\OneDrive\Documents\Zero-DCE-Notes-Enhancer\data\ZERO DCE DATASET\hey (31).jpeg,train,moderate,mixed,Unknown,720x1280,137.8,no,none
d86850eb36,c:\Users\aarun\OneDrive\Documents\Zero-DCE-Notes-Enhancer\data\ZERO DCE DATASET\hey (31).jpg,train,moderate,mixed,Unknown,1280x1188,354.07,no,none
504b9179c9,c:\Users\aarun\OneDrive\Documents\Zero-DCE-Notes-Enhancer\data\ZERO DCE DATASET\hey (32).jpeg,train,moderate,mixed,Unknown,720x1280,93.37,no,blur
ad92d52386,c:\Users\aarun\OneDrive\Documents\Zero-DCE-Notes-Enhancer\data\ZERO DCE DATASET\hey (32).jpg,train,moderate,mixed,Unknown,899x1599,379.87,no,none
e92fd52135,c:\Users\aarun\OneDrive\Documents\Zero-DCE-Notes-Enhancer\data\ZERO DCE DATASET\hey (33).jpeg,train,moderate,mixed,Unknown,720x1280,231.81,no,none
6bac1a4a78,c:\Users\aarun\OneDrive\Documents\Zero-DCE-Notes-Enhancer\data\ZERO DCE DATASET\hey (33).jpg,train,moderate,mixed,Unknown,899x1599,177.96,no,none
683d827714,c:\Users\aarun\OneDrive\Documents\Zero-DCE-Notes-Enhancer\data\ZERO DCE DATASET\hey (34).jpeg,test,moderate,mixed,Unknown,720x1280,204.21,no,none
b9e36a6162,c:\Users\aarun\OneDrive\Documents\Zero-DCE-Notes-Enhancer\data\ZERO DCE DATASET\hey (34).jpg,train,moderate,mixed,Unknown,1200x1600,242.03,no,none
fd480a66cc,c:\Users\aarun\OneDrive\Documents\Zero-DCE-Notes-Enhancer\data\ZERO DCE DATASET\hey (35).jpeg,val,moderate,mixed,Unknown,720x1280,100.84,no,none
6cdbcf4c88,c:\Users\aarun\OneDrive\Documents\Zero-DCE-Notes-Enhancer\data\ZERO DCE DATASET\hey (35).jpg,train,moderate,mixed,Unknown,1200x1600,57.18,no,blur
69b8a89384,c:\Users\aarun\OneDrive\Documents\Zero-DCE-Notes-Enhancer\data\ZERO DCE DATASET\hey (36).jpeg,train,moderate,mixed,Unknown,720x1280,102.84,no,none
08d664729e,c:\Users\aarun\OneDrive\Documents\Zero-DCE-Notes-Enhancer\data\ZERO DCE DATASET\hey (36).jpg,test,moderate,mixed,Unknown,1200x1600,70.28,no,blur
20133fe779,c:\Users\aarun\OneDrive\Documents\Zero-DCE-Notes-Enhancer\data\ZERO DCE DATASET\hey (37).jpeg,test,moderate,mixed,Unknown,720x1280,153.1,no,none
fe86ebf29a,c:\Users\aarun\OneDrive\Documents\Zero-DCE-Notes-Enhancer\data\ZERO DCE DATASET\hey (37).jpg,train,moderate,printed,Unknown,900x1600,534.36,no,none
a2ab3b7de0,c:\Users\aarun\OneDrive\Documents\Zero-DCE-Notes-Enhancer\data\ZERO DCE DATASET\hey (38).jpeg,train,moderate,mixed,Unknown,720x1280,86.18,no,blur
a56cd83d21,c:\Users\aarun\OneDrive\Documents\Zero-DCE-Notes-Enhancer\data\ZERO DCE DATASET\hey (38).jpg,train,moderate,mixed,Unknown,1200x1600,202.02,no,none
ab0debc632,c:\Users\aarun\OneDrive\Documents\Zero-DCE-Notes-Enhancer\data\ZERO DCE DATASET\hey (39).jpeg,train,moderate,mixed,Unknown,720x1280,181.71,no,none
adfe7583f8,c:\Users\aarun\OneDrive\Documents\Zero-DCE-Notes-Enhancer\data\ZERO DCE DATASET\hey (39).jpg,train,moderate,printed,Unknown,720x1280,781.71,no,none
30d42924c1,c:\Users\aarun\OneDrive\Documents\Zero-DCE-Notes-Enhancer\data\ZERO DCE DATASET\hey (4).jpeg,test,moderate,mixed,Unknown,867x1156,724.47,no,none
1530eb54c5,c:\Users\aarun\OneDrive\Documents\Zero-DCE-Notes-Enhancer\data\ZERO DCE DATASET\hey (4).jpg,val,moderate,mixed,samsung Galaxy A55 5G,4080x2296,119.54,no,none
db37ee65fe,c:\Users\aarun\OneDrive\Documents\Zero-DCE-Notes-Enhancer\data\ZERO DCE DATASET\hey (40).jpeg,train,moderate,mixed,Unknown,720x1280,77.84,no,blur
ebddee883c,c:\Users\aarun\OneDrive\Documents\Zero-DCE-Notes-Enhancer\data\ZERO DCE DATASET\hey (40).jpg,val,moderate,mixed,Unknown,1600x1200,297.44,no,none
4ef853412f,c:\Users\aarun\OneDrive\Documents\Zero-DCE-Notes-Enhancer\data\ZERO DCE DATASET\hey (41).jpeg,train,moderate,mixed,Unknown,720x1280,182.66,no,none
d86a8fa98c,c:\Users\aarun\OneDrive\Documents\Zero-DCE-Notes-Enhancer\data\ZERO DCE DATASET\hey (41).jpg,train,moderate,mixed,Unknown,720x1280,480.11,no,none
9fb2c9ca16,c:\Users\aarun\OneDrive\Documents\Zero-DCE-Notes-Enhancer\data\ZERO DCE DATASET\hey (42).jpeg,test,moderate,mixed,Unknown,948x1374,279.48,no,none
f95e3cb5d2,c:\Users\aarun\OneDrive\Documents\Zero-DCE-Notes-Enhancer\data\ZERO DCE DATASET\hey (42).jpg,train,moderate,mixed,Unknown,720x1280,570.73,no,none
4a0c14d0f5,c:\Users\aarun\OneDrive\Documents\Zero-DCE-Notes-Enhancer\data\ZERO DCE DATASET\hey (43).jpeg,test,moderate,handwritten,Unknown,720x1600,271.19,no,glare
50fef955f2,c:\Users\aarun\OneDrive\Documents\Zero-DCE-Notes-Enhancer\data\ZERO DCE DATASET\hey (43).jpg,val,moderate,printed,Unknown,720x1280,879.27,no,none
1ddea18367,c:\Users\aarun\OneDrive\Documents\Zero-DCE-Notes-Enhancer\data\ZERO DCE DATASET\hey (44).jpeg,val,moderate,mixed,Unknown,1228x1320,170.51,no,none
87bfb52312,c:\Users\aarun\OneDrive\Documents\Zero-DCE-Notes-Enhancer\data\ZERO DCE DATASET\hey (44).jpg,train,moderate,mixed,Unknown,1600x1200,266.08,no,none
ce3d69ce0e,c:\Users\aarun\OneDrive\Documents\Zero-DCE-Notes-Enhancer\data\ZERO DCE DATASET\hey (45).jpeg,train,moderate,handwritten,Unknown,720x1600,242.72,no,none
0068b9e65b,c:\Users\aarun\OneDrive\Documents\Zero-DCE-Notes-Enhancer\data\ZERO DCE DATASET\hey (45).jpg,train,moderate,mixed,Unknown,1600x1200,182.74,no,none
aef29f5ebe,c:\Users\aarun\OneDrive\Documents\Zero-DCE-Notes-Enhancer\data\ZERO DCE DATASET\hey (46).jpeg,test,moderate,handwritten,Unknown,720x1600,260.07,no,glare
fda2e7c383,c:\Users\aarun\OneDrive\Documents\Zero-DCE-Notes-Enhancer\data\ZERO DCE DATASET\hey (46).jpg,train,moderate,mixed,Unknown,1600x1200,232.54,no,none
d789b4caf6,c:\Users\aarun\OneDrive\Documents\Zero-DCE-Notes-Enhancer\data\ZERO DCE DATASET\hey (47).jpeg,val,moderate,handwritten,Unknown,720x1600,280.69,no,glare
8c73abe2ce,c:\Users\aarun\OneDrive\Documents\Zero-DCE-Notes-Enhancer\data\ZERO DCE DATASET\hey (47).jpg,train,moderate,mixed,Unknown,1600x1200,236.58,no,none
75b5d4b01b,c:\Users\aarun\OneDrive\Documents\Zero-DCE-Notes-Enhancer\data\ZERO DCE DATASET\hey (48).jpeg,train,moderate,mixed,Unknown,1280x960,294.14,no,none
0961f2ed99,c:\Users\aarun\OneDrive\Documents\Zero-DCE-Notes-Enhancer\data\ZERO DCE DATASET\hey (48).jpg,train,moderate,mixed,Unknown,1600x1200,317.09,no,none
6baa307577,c:\Users\aarun\OneDrive\Documents\Zero-DCE-Notes-Enhancer\data\ZERO DCE DATASET\hey (49).jpeg,train,moderate,mixed,Unknown,1280x960,491.76,no,none
a9c0363549,c:\Users\aarun\OneDrive\Documents\Zero-DCE-Notes-Enhancer\data\ZERO DCE DATASET\hey (49).jpg,train,moderate,printed,Unknown,900x1600,305.05,no,none
a08041275b,c:\Users\aarun\OneDrive\Documents\Zero-DCE-Notes-Enhancer\data\ZERO DCE DATASET\hey (5).jpeg,train,moderate,printed,Unknown,867x1156,341.58,no,none
83014eec01,c:\Users\aarun\OneDrive\Documents\Zero-DCE-Notes-Enhancer\data\ZERO DCE DATASET\hey (5).jpg,train,moderate,mixed,samsung Galaxy A55 5G,4080x2296,157.64,no,none
0483be44bf,c:\Users\aarun\OneDrive\Documents\Zero-DCE-Notes-Enhancer\data\ZERO DCE DATASET\hey (50).jpeg,val,moderate,mixed,Unknown,1280x960,235.66,no,none
d7edd39e97,c:\Users\aarun\OneDrive\Documents\Zero-DCE-Notes-Enhancer\data\ZERO DCE DATASET\hey (50).jpg,train,moderate,mixed,Unknown,1200x1600,62.05,no,blur
88348c4fe4,c:\Users\aarun\OneDrive\Documents\Zero-DCE-Notes-Enhancer\data\ZERO DCE DATASET\hey (51).jpeg,train,moderate,mixed,Unknown,1280x960,218.64,no,none
5c25c78c9e,c:\Users\aarun\OneDrive\Documents\Zero-DCE-Notes-Enhancer\data\ZERO DCE DATASET\hey (51).jpg,train,moderate,mixed,Unknown,1200x1600,134.39,no,none
54b296f087,c:\Users\aarun\OneDrive\Documents\Zero-DCE-Notes-Enhancer\data\ZERO DCE DATASET\hey (52).jpeg,val,moderate,handwritten,Unknown,1600x900,685.9,no,none
1f421ebb5d,c:\Users\aarun\OneDrive\Documents\Zero-DCE-Notes-Enhancer\data\ZERO DCE DATASET\hey (52).jpg,train,moderate,mixed,Unknown,1200x1600,206.7,no,none
e6f24f36ab,c:\Users\aarun\OneDrive\Documents\Zero-DCE-Notes-Enhancer\data\ZERO DCE DATASET\hey (53).jpeg,train,dark,handwritten,Unknown,1600x900,647.28,no,none
2c3b4600e6,c:\Users\aarun\OneDrive\Documents\Zero-DCE-Notes-Enhancer\data\ZERO DCE DATASET\hey (53).jpg,val,moderate,mixed,Unknown,1200x1600,323.08,no,none
2a0f98905c,c:\Users\aarun\OneDrive\Documents\Zero-DCE-Notes-Enhancer\data\ZERO DCE DATASET\hey (54).jpeg,train,moderate,mixed,Unknown,1600x720,276.32,no,none
3d2714f910,c:\Users\aarun\OneDrive\Documents\Zero-DCE-Notes-Enhancer\data\ZERO DCE DATASET\hey (54).jpg,train,moderate,mixed,Unknown,1598x1600,197.78,no,none
c0f0278c4e,c:\Users\aarun\OneDrive\Documents\Zero-DCE-Notes-Enhancer\data\ZERO DCE DATASET\hey (55).jpeg,train,moderate,handwritten,Unknown,1600x720,286.59,no,none
8cdb7d1c71,c:\Users\aarun\OneDrive\Documents\Zero-DCE-Notes-Enhancer\data\ZERO DCE DATASET\hey (56).jpeg,train,moderate,handwritten,Unknown,1600x900,608.95,no,none
63f36c9037,c:\Users\aarun\OneDrive\Documents\Zero-DCE-Notes-Enhancer\data\ZERO DCE DATASET\hey (57).jpeg,test,moderate,mixed,Unknown,1600x1200,100.56,no,none
1fdaf760ce,c:\Users\aarun\OneDrive\Documents\Zero-DCE-Notes-Enhancer\data\ZERO DCE DATASET\hey (58).jpeg,train,moderate,mixed,Unknown,1600x1200,287.46,no,none
5cab1fbf07,c:\Users\aarun\OneDrive\Documents\Zero-DCE-Notes-Enhancer\data\ZERO DCE DATASET\hey (59).jpeg,train,moderate,mixed,Unknown,1600x720,190.67,no,none
aaf2883a75,c:\Users\aarun\OneDrive\Documents\Zero-DCE-Notes-Enhancer\data\ZERO DCE DATASET\hey (6).jpeg,train,moderate,printed,Unknown,867x1156,341.58,no,none
8e63d3c3bb,c:\Users\aarun\OneDrive\Documents\Zero-DCE-Notes-Enhancer\data\ZERO DCE DATASET\hey (6).jpg,train,moderate,mixed,samsung Galaxy A55 5G,4080x2296,137.17,no,none
57772a59fe,c:\Users\aarun\OneDrive\Documents\Zero-DCE-Notes-Enhancer\data\ZERO DCE DATASET\hey (60).jpeg,train,moderate,mixed,Unknown,1600x1200,151.18,no,none
c3c429d396,c:\Users\aarun\OneDrive\Documents\Zero-DCE-Notes-Enhancer\data\ZERO DCE DATASET\hey (61).jpeg,train,moderate,mixed,Unknown,1600x1200,200.08,no,none
6d1335d532,c:\Users\aarun\OneDrive\Documents\Zero-DCE-Notes-Enhancer\data\ZERO DCE DATASET\hey (62).jpeg,train,moderate,mixed,Unknown,1600x1200,262.48,no,none
d4add7e3b9,c:\Users\aarun\OneDrive\Documents\Zero-DCE-Notes-Enhancer\data\ZERO DCE DATASET\hey (63).jpeg,train,moderate,mixed,Unknown,1600x1200,208.73,no,none
84763ac4d7,c:\Users\aarun\OneDrive\Documents\Zero-DCE-Notes-Enhancer\data\ZERO DCE DATASET\hey (64).jpeg,train,moderate,mixed,Unknown,1600x1200,262.48,no,none
2d7411a2cd,c:\Users\aarun\OneDrive\Documents\Zero-DCE-Notes-Enhancer\data\ZERO DCE DATASET\hey (65).jpeg,train,moderate,mixed,Unknown,1600x1200,208.73,no,none
7cbe376ab0,c:\Users\aarun\OneDrive\Documents\Zero-DCE-Notes-Enhancer\data\ZERO DCE DATASET\hey (66).jpeg,train,moderate,mixed,Unknown,1600x1200,197.22,no,none
566ad9d508,c:\Users\aarun\OneDrive\Documents\Zero-DCE-Notes-Enhancer\data\ZERO DCE DATASET\hey (67).jpeg,train,moderate,mixed,Unknown,720x1280,653.72,no,none
dd813c8000,c:\Users\aarun\OneDrive\Documents\Zero-DCE-Notes-Enhancer\data\ZERO DCE DATASET\hey (68).jpeg,train,moderate,mixed,Unknown,720x1280,635.28,no,none
8c1112241e,c:\Users\aarun\OneDrive\Documents\Zero-DCE-Notes-Enhancer\data\ZERO DCE DATASET\hey (69).jpeg,train,moderate,mixed,Unknown,1600x1200,254.95,no,none
e609bd7e8e,c:\Users\aarun\OneDrive\Documents\Zero-DCE-Notes-Enhancer\data\ZERO DCE DATASET\hey (7).jpeg,train,moderate,printed,Unknown,867x1156,304.0,no,none
39d47a1ac7,c:\Users\aarun\OneDrive\Documents\Zero-DCE-Notes-Enhancer\data\ZERO DCE DATASET\hey (7).jpg,train,moderate,mixed,samsung Galaxy A55 5G,4080x2296,128.01,no,none
566684edda,c:\Users\aarun\OneDrive\Documents\Zero-DCE-Notes-Enhancer\data\ZERO DCE DATASET\hey (70).jpeg,train,moderate,mixed,Unknown,720x1280,653.72,no,none
75ac04d73a,c:\Users\aarun\OneDrive\Documents\Zero-DCE-Notes-Enhancer\data\ZERO DCE DATASET\hey (71).jpeg,train,moderate,mixed,Unknown,720x1280,635.28,no,none
ad6e138182,c:\Users\aarun\OneDrive\Documents\Zero-DCE-Notes-Enhancer\data\ZERO DCE DATASET\hey (72).jpeg,train,moderate,mixed,Unknown,1600x1200,254.95,no,none
fde76e2868,c:\Users\aarun\OneDrive\Documents\Zero-DCE-Notes-Enhancer\data\ZERO DCE DATASET\hey (73).jpeg,train,moderate,mixed,Unknown,899x1599,435.2,no,none
1ba8ce28b1,c:\Users\aarun\OneDrive\Documents\Zero-DCE-Notes-Enhancer\data\ZERO DCE DATASET\hey (74).jpeg,train,moderate,mixed,Unknown,899x1599,464.07,no,none
a841d203ec,c:\Users\aarun\OneDrive\Documents\Zero-DCE-Notes-Enhancer\data\ZERO DCE DATASET\hey (75).jpeg,train,moderate,mixed,Unknown,899x1599,391.76,no,none
120f69516d,c:\Users\aarun\OneDrive\Documents\Zero-DCE-Notes-Enhancer\data\ZERO DCE DATASET\hey (76).jpeg,train,moderate,mixed,Unknown,899x1599,435.2,no,none
5c58b1f3da,c:\Users\aarun\OneDrive\Documents\Zero-DCE-Notes-Enhancer\data\ZERO DCE DATASET\hey (77).jpeg,train,moderate,mixed,Unknown,899x1599,464.07,no,none
626027d887,c:\Users\aarun\OneDrive\Documents\Zero-DCE-Notes-Enhancer\data\ZERO DCE DATASET\hey (78).jpeg,train,moderate,mixed,Unknown,899x1599,391.76,no,none
d7b21591cb,c:\Users\aarun\OneDrive\Documents\Zero-DCE-Notes-Enhancer\data\ZERO DCE DATASET\hey (79).jpeg,test,moderate,handwritten,Unknown,1280x720,363.42,no,none
9fc8b25033,c:\Users\aarun\OneDrive\Documents\Zero-DCE-Notes-Enhancer\data\ZERO DCE DATASET\hey (8).jpeg,test,moderate,printed,Unknown,867x1156,729.14,no,none
066430bf95,c:\Users\aarun\OneDrive\Documents\Zero-DCE-Notes-Enhancer\data\ZERO DCE DATASET\hey (8).jpg,train,moderate,mixed,samsung Galaxy A55 5G,4080x2296,171.23,no,none
0f12b1e1a0,c:\Users\aarun\OneDrive\Documents\Zero-DCE-Notes-Enhancer\data\ZERO DCE DATASET\hey (80).jpeg,test,moderate,mixed,Unknown,899x1599,97.08,no,blur
878b19a5a9,c:\Users\aarun\OneDrive\Documents\Zero-DCE-Notes-Enhancer\data\ZERO DCE DATASET\hey (81).jpeg,train,moderate,handwritten,Unknown,1280x720,363.42,no,none
b7d40b502c,c:\Users\aarun\OneDrive\Documents\Zero-DCE-Notes-Enhancer\data\ZERO DCE DATASET\hey (82).jpeg,test,moderate,mixed,Unknown,899x1599,97.08,no,blur
115821c33a,c:\Users\aarun\OneDrive\Documents\Zero-DCE-Notes-Enhancer\data\ZERO DCE DATASET\hey (83).jpeg,train,moderate,mixed,Unknown,1280x1280,141.88,no,glare
982dad3025,c:\Users\aarun\OneDrive\Documents\Zero-DCE-Notes-Enhancer\data\ZERO DCE DATASET\hey (84).jpeg,test,moderate,mixed,Unknown,1280x1280,75.63,no,blur
1e427f0bf5,c:\Users\aarun\OneDrive\Documents\Zero-DCE-Notes-Enhancer\data\ZERO DCE DATASET\hey (85).jpeg,train,moderate,mixed,Unknown,1280x1280,148.48,no,none
14e446a797,c:\Users\aarun\OneDrive\Documents\Zero-DCE-Notes-Enhancer\data\ZERO DCE DATASET\hey (86).jpeg,train,moderate,mixed,Unknown,1280x1280,59.05,no,blur
07f326d1b7,c:\Users\aarun\OneDrive\Documents\Zero-DCE-Notes-Enhancer\data\ZERO DCE DATASET\hey (87).jpeg,train,moderate,handwritten,Unknown,4096x2304,169.21,no,none
857faaa9a8,c:\Users\aarun\OneDrive\Documents\Zero-DCE-Notes-Enhancer\data\ZERO DCE DATASET\hey (88).jpeg,val,moderate,mixed,Unknown,1280x963,511.69,no,glare
20c61561ae,c:\Users\aarun\OneDrive\Documents\Zero-DCE-Notes-Enhancer\data\ZERO DCE DATASET\hey (89).jpeg,train,moderate,mixed,Unknown,4096x2304,45.15,no,blur
02535bf493,c:\Users\aarun\OneDrive\Documents\Zero-DCE-Notes-Enhancer\data\ZERO DCE DATASET\hey (9).jpeg,train,moderate,printed,Unknown,867x1156,729.14,no,none
fcbc95881d,c:\Users\aarun\OneDrive\Documents\Zero-DCE-Notes-Enhancer\data\ZERO DCE DATASET\hey (9).jpg,train,dark,handwritten,samsung Galaxy A55 5G,4080x2296,32.96,no,blur
0849b01375,c:\Users\aarun\OneDrive\Documents\Zero-DCE-Notes-Enhancer\data\ZERO DCE DATASET\hey (90).jpeg,test,moderate,mixed,Unknown,1600x1200,71.77,no,blur
2937b7d717,c:\Users\aarun\OneDrive\Documents\Zero-DCE-Notes-Enhancer\data\ZERO DCE DATASET\hey (91).jpeg,train,dark,handwritten,Unknown,4096x2304,130.01,no,none
fbc452452f,c:\Users\aarun\OneDrive\Documents\Zero-DCE-Notes-Enhancer\data\ZERO DCE DATASET\hey (92).jpeg,val,moderate,mixed,Unknown,1600x1200,76.83,no,blur
8b31eb89cd,c:\Users\aarun\OneDrive\Documents\Zero-DCE-Notes-Enhancer\data\ZERO DCE DATASET\hey (93).jpeg,test,moderate,mixed,Unknown,1600x1200,50.07,no,blur
e8e65259a9,c:\Users\aarun\OneDrive\Documents\Zero-DCE-Notes-Enhancer\data\ZERO DCE DATASET\hey (94).jpeg,test,moderate,mixed,Unknown,1280x960,618.99,no,none
b10fbc5963,c:\Users\aarun\OneDrive\Documents\Zero-DCE-Notes-Enhancer\data\ZERO DCE DATASET\hey (95).jpeg,val,moderate,mixed,Unknown,1280x960,485.43,no,none
d67c24eef8,c:\Users\aarun\OneDrive\Documents\Zero-DCE-Notes-Enhancer\data\ZERO DCE DATASET\hey (96).jpeg,train,moderate,mixed,Unknown,899x1599,151.6,no,none
02540223ac,c:\Users\aarun\OneDrive\Documents\Zero-DCE-Notes-Enhancer\data\ZERO DCE DATASET\hey (97).jpeg,train,moderate,mixed,Unknown,1280x960,481.48,no,none
b24184330b,c:\Users\aarun\OneDrive\Documents\Zero-DCE-Notes-Enhancer\data\ZERO DCE DATASET\hey (98).jpeg,train,moderate,whiteboard,Unknown,741x1280,816.95,no,none
3f4ff9951a,c:\Users\aarun\OneDrive\Documents\Zero-DCE-Notes-Enhancer\data\ZERO DCE DATASET\hey (99).jpeg,train,moderate,mixed,Unknown,1200x1600,634.85,no,none
872f736e9f,c:\Users\aarun\OneDrive\Documents\Zero-DCE-Notes-Enhancer\data\ZERO DCE DATASET\WhatsApp Image 2026-04-06 at 22.18.15.jpeg,train,dark,handwritten,Unknown,715x1600,111.01,no,shadow
b133cf3dde,c:\Users\aarun\OneDrive\Documents\Zero-DCE-Notes-Enhancer\data\ZERO DCE DATASET\WhatsApp Image 2026-04-06 at 22.19.09 (1).jpeg,train,dark,handwritten,Unknown,715x1600,274.3,no,none
8f4bfc045d,c:\Users\aarun\OneDrive\Documents\Zero-DCE-Notes-Enhancer\data\ZERO DCE DATASET\WhatsApp Image 2026-04-06 at 22.19.09.jpeg,test,dark,handwritten,Unknown,715x1600,192.35,no,shadow
8a25fa2be8,c:\Users\aarun\OneDrive\Documents\Zero-DCE-Notes-Enhancer\data\ZERO DCE DATASET\WhatsApp Image 2026-04-06 at 22.20.38.jpeg,train,dark,handwritten,Unknown,715x1600,147.44,no,shadow
ef212b18ff,c:\Users\aarun\OneDrive\Documents\Zero-DCE-Notes-Enhancer\data\ZERO DCE DATASET\WhatsApp Image 2026-04-06 at 22.20.39.jpeg,val,moderate,handwritten,Unknown,715x1600,422.29,no,none
1a4c2603ff,c:\Users\aarun\OneDrive\Documents\Zero-DCE-Notes-Enhancer\data\ZERO DCE DATASET\WhatsApp Image 2026-04-06 at 22.23.01.jpeg,train,dark,handwritten,Unknown,715x1600,81.52,no,"blur, shadow"
fa22194dd7,c:\Users\aarun\OneDrive\Documents\Zero-DCE-Notes-Enhancer\data\ZERO DCE DATASET\WhatsApp Image 2026-04-06 at 22.23.02.jpeg,train,dark,handwritten,Unknown,715x1600,87.92,no,"blur, shadow"
0351e95dae,c:\Users\aarun\OneDrive\Documents\Zero-DCE-Notes-Enhancer\data\ZERO DCE DATASET\WhatsApp Image 2026-04-06 at 22.23.03 (1).jpeg,train,dark,handwritten,Unknown,715x1600,143.28,no,shadow
4d01fc1e6e,c:\Users\aarun\OneDrive\Documents\Zero-DCE-Notes-Enhancer\data\ZERO DCE DATASET\WhatsApp Image 2026-04-06 at 22.23.03.jpeg,train,dark,handwritten,Unknown,715x1600,138.32,no,shadow
d54c0a66d3,c:\Users\aarun\OneDrive\Documents\Zero-DCE-Notes-Enhancer\data\ZERO DCE DATASET\WhatsApp Image 2026-04-06 at 22.25.03 (1).jpeg,train,dark,handwritten,Unknown,715x1600,78.16,no,"blur, shadow"
2a86bb4591,c:\Users\aarun\OneDrive\Documents\Zero-DCE-Notes-Enhancer\data\ZERO DCE DATASET\WhatsApp Image 2026-04-06 at 22.25.03.jpeg,train,very_dark,handwritten,Unknown,715x1600,16.78,no,"blur, shadow"
1b67016485,c:\Users\aarun\OneDrive\Documents\Zero-DCE-Notes-Enhancer\data\ZERO DCE DATASET\WhatsApp Image 2026-04-06 at 22.25.04.jpeg,train,dark,handwritten,Unknown,1600x715,227.15,no,shadow
ea11cd04fd,c:\Users\aarun\OneDrive\Documents\Zero-DCE-Notes-Enhancer\data\ZERO DCE DATASET\WhatsApp Image 2026-04-06 at 22.25.42.jpeg,test,dark,handwritten,Unknown,715x1600,57.1,no,"blur, shadow"
